﻿<?xml version="1.0" encoding="utf-8"?>
<doc>
  <assembly>
    <name>XWaveDriverNet</name>
  </assembly>
  <members>
    <member name="M:XWaveDv.XWaveDriver.Init(System.String,System.Double[*]@,System.Double[*]@)">
      <summary></summary>
      <returns>System.Boolean</returns>
    </member>
    <member name="M:XWaveDv.XWaveDriver.Connect(XWaveDv.XwaveConnection,XWaveDv.ConnID@)">
      <summary>Connect to the XWave device.</summary>
      <returns>System.Boolean</returns>
    </member>
    <member name="M:XWaveDv.XWaveDriver.GetData(XWaveDv.ConnID,System.Int32,XWaveDv.VarTree[*],XWaveDv.DataStats@,XWaveDv.VarTree[*]@)">
      <summary>Get data from the XWave device.</summary>
      <returns>System.Boolean</returns>
    </member>
    <member name="M:XWaveDv.XWaveDriver.CloseConn(XWaveDv.ConnID)">
      <summary>Disconnect from the XWave device.</summary>
      <returns>Void</returns>
    </member>
  </members>
</doc>